<?xml version="1.0" encoding="UTF-8"?>

<mule xmlns:json-logger="http://www.mulesoft.org/schema/mule/json-logger"
	xmlns:ee="http://www.mulesoft.org/schema/mule/ee/core" xmlns="http://www.mulesoft.org/schema/mule/core"
	xmlns:doc="http://www.mulesoft.org/schema/mule/documentation"
	xmlns:xsi="http://www.w3.org/2001/XMLSchema-instance" xsi:schemaLocation="
http://www.mulesoft.org/schema/mule/ee/core http://www.mulesoft.org/schema/mule/ee/core/current/mule-ee.xsd http://www.mulesoft.org/schema/mule/core http://www.mulesoft.org/schema/mule/core/current/mule.xsd
http://www.mulesoft.org/schema/mule/json-logger http://www.mulesoft.org/schema/mule/json-logger/current/mule-json-logger.xsd">
	<error-handler name="order-system-apiError_Handler" doc:id="bc99e910-33fd-42e7-91cd-265de639b3b3">
	     <on-error-propagate type="APIKIT:BAD_REQUEST">
		 <set-variable value="400" doc:name="httpStatusCode" doc:id="7fa56ba4-90b5-47f7-b8f4-719f2e83d028" variableName="httpStatus"/>
			<ee:transform doc:name="Error Message" doc:id="3c6a4106-48a6-477e-b7dc-1b10a1341c87" >
				<ee:message >
					<ee:set-payload ><![CDATA[%dw 2.0
output application/json skipNullOn="everywhere"
---
[{
	"message": vars.httpStatus,
	"error":{
		"CorrelationId": vars.correlationId,
		"Type": error.errorType.asString,
		"Description": error.description,
		"Exception":error.exception.exceptionMessage,
		"Date": now() as String {format: "y-MM-dd"},
		"Time": now() as String {format: "hh:m:s"},
		"Service": Mule::p('application.service') ,
		
	}
}]]]></ee:set-payload>
				</ee:message>
				<ee:variables >
					<ee:set-variable variableName="ErrorMessage" ><![CDATA[%dw 2.0
output application/json skipNullOn="everywhere"
---
[{
	"message": vars.httpStatus,
	"error":{
		"CorrelationId": vars.correlationId,
		"Type": error.errorType.asString,
		"Description": error.description,
		"Exception":error.exception.exceptionMessage,
		"Date": now() as String {format: "y-MM-dd"},
		"Time": now() as String {format: "hh:m:s"},
		"Service": Mule::p('application.service') ,
		
	}
}]]]></ee:set-variable>
				</ee:variables>
			
</ee:transform>
			<flow-ref doc:name="Invoke_Email_Notification_Sub_Flow" doc:id="bec05d76-3bf9-43b3-bced-67cbb748827e" name="Invoke_Email_Notification_Sub_Flow"/>
			<set-payload value="#[vars.ErrorMessage]" doc:name="SetErrorPayload" doc:id="7328aa04-1d5b-46ce-8262-d98d14c06626" />
			<json-logger:logger doc:name="LogError" doc:id="a8fb60fe-54d3-4c1a-9164-9699d7dbf6bd" config-ref="JSON_Logger_Config" correlationId="#[vars.correlationId]" transactionState="ERROR" loggingMessage="logs error response" errorType="#[error.errorType.identifier]" errorCode="#[vars.httpStatus]" errorText="#[error.description]" priority="ERROR"/>
            </on-error-propagate>
            <on-error-propagate type="APIKIT:NOT_FOUND">
            <set-variable value="404" doc:name="httpStatusCode" doc:id="f2540aed-9f24-4cd1-bd41-0ac7c7351b33" variableName="httpStatus"/>
			<ee:transform doc:name="Error Message" doc:id="934024a4-0af0-496c-9496-584eb6fa71b6" >
				<ee:message >
					<ee:set-payload ><![CDATA[%dw 2.0
output application/json skipNullOn="everywhere"
---
[{
	"message": vars.httpStatus,
	"error":{
		"CorrelationId": vars.correlationId,
		"Type": error.errorType.asString,
		"Description": error.description,
		"Exception":error.exception.exceptionMessage,
		"Date": now() as String {format: "y-MM-dd"},
		"Time": now() as String {format: "hh:m:s"},
		"Service": Mule::p('application.service') ,
		
	}
}]]]></ee:set-payload>
				</ee:message>
				<ee:variables >
					<ee:set-variable variableName="ErrorMessage" ><![CDATA[%dw 2.0
output application/json skipNullOn="everywhere"
---
[{
	"message": vars.httpStatus,
	"error":{
		"CorrelationId": vars.correlationId,
		"Type": error.errorType.asString,
		"Description": error.description,
		"Exception":error.exception.exceptionMessage,
		"Date": now() as String {format: "y-MM-dd"},
		"Time": now() as String {format: "hh:m:s"},
		"Service": Mule::p('application.service') ,
		
	}
}]]]></ee:set-variable>
				</ee:variables>
			
</ee:transform>
		<flow-ref doc:name="Invoke_Email_Notification_Sub_Flow" doc:id="1f8b9505-de93-4c31-a2df-814a544fc5e1" name="Invoke_Email_Notification_Sub_Flow"/>
	    <set-payload value="#[vars.ErrorMessage]" doc:name="SetErrorPayload" doc:id="b7560a37-3c28-4548-b52d-803f6c0eb5a9" />
		<json-logger:logger doc:name="LogError" doc:id="cd0572d0-6064-4698-bc35-54b6a94de9f9" config-ref="JSON_Logger_Config" correlationId="#[vars.correlationId]" transactionState="ERROR" loggingMessage="logs error response" errorType="#[error.errorType.identifier]" errorCode="#[vars.httpStatus]" errorText="#[error.description]" priority="ERROR"/>
		
            
</on-error-propagate>
            <on-error-propagate type="APIKIT:METHOD_NOT_ALLOWED">
            <set-variable value="405" doc:name="httpStatusCode" doc:id="927d6825-2911-46bf-85c1-baa354bd2a0d" variableName="httpStatus"/>
			<ee:transform doc:name="Error Message" doc:id="a57865b1-b608-4d6a-9207-d6e6306b775d" >
				<ee:message >
					<ee:set-payload ><![CDATA[%dw 2.0
output application/json skipNullOn="everywhere"
---
[{
	"message": vars.httpStatus,
	"error":{
		"CorrelationId": vars.correlationId,
		"Type": error.errorType.asString,
		"Description": error.description,
		"Exception":error.exception.exceptionMessage,
		"Date": now() as String {format: "y-MM-dd"},
		"Time": now() as String {format: "hh:m:s"},
		"Service": Mule::p('application.service') ,
		
	}
}]]]></ee:set-payload>
				</ee:message>
				<ee:variables >
					<ee:set-variable variableName="ErrorMessage" ><![CDATA[%dw 2.0
output application/json skipNullOn="everywhere"
---
[{
	"message": vars.httpStatus,
	"error":{
		"CorrelationId": vars.correlationId,
		"Type": error.errorType.asString,
		"Description": error.description,
		"Exception":error.exception.exceptionMessage,
		"Date": now() as String {format: "y-MM-dd"},
		"Time": now() as String {format: "hh:m:s"},
		"Service": Mule::p('application.service') ,
		
	}
}]]]></ee:set-variable>
				</ee:variables>
			
</ee:transform>
	<flow-ref doc:name="Invoke_Email_Notification_Sub_Flow" doc:id="3a984088-1f80-44de-8822-e39741d1a370" name="Invoke_Email_Notification_Sub_Flow"/>
	<set-payload value="#[vars.ErrorMessage]" doc:name="SetErrorPayload" doc:id="11a1a53d-35cd-480d-9b76-3f945892de06" />
    <json-logger:logger doc:name="LogError" doc:id="4c55443b-ed0b-4123-bd68-b93e018c7f62" config-ref="JSON_Logger_Config" correlationId="#[vars.correlationId]" transactionState="ERROR" loggingMessage="logs error response" errorType="#[error.errorType.identifier]" errorCode="#[vars.httpStatus]" errorText="#[error.description]" priority="ERROR"/>		
     </on-error-propagate>
            <on-error-propagate type="APIKIT:NOT_ACCEPTABLE">
            <set-variable value="415" doc:name="httpStatusCode" doc:id="730fd9ba-737b-47c6-b1cf-6e2cf15b2b59" variableName="httpStatus"/>
			<ee:transform doc:name="Error Message" doc:id="9e08e243-a2b8-47b6-92ef-8ca3149af6e6" >
				<ee:message >
					<ee:set-payload ><![CDATA[%dw 2.0
output application/json skipNullOn="everywhere"
---
[{
	"message": vars.httpStatus,
	"error":{
		"CorrelationId": vars.correlationId,
		"Type": error.errorType.asString,
		"Description": error.description,
		"Exception":error.exception.exceptionMessage,
		"Date": now() as String {format: "y-MM-dd"},
		"Time": now() as String {format: "hh:m:s"},
		"Service": Mule::p('application.service') ,
		
	}
}]]]></ee:set-payload>
				</ee:message>
				<ee:variables >
					<ee:set-variable variableName="ErrorMessage" ><![CDATA[%dw 2.0
output application/json skipNullOn="everywhere"
---
[{
	"message": vars.httpStatus,
	"error":{
		"CorrelationId": vars.correlationId,
		"Type": error.errorType.asString,
		"Description": error.description,
		"Exception":error.exception.exceptionMessage,
		"Date": now() as String {format: "y-MM-dd"},
		"Time": now() as String {format: "hh:m:s"},
		"Service": Mule::p('application.service') ,
		
	}
}]]]></ee:set-variable>
				</ee:variables>
			
</ee:transform>
	   <flow-ref doc:name="Invoke_Email_Notification_Sub_Flow" doc:id="6fe43852-d2d9-4a62-b13c-9f12eab44e17" name="Invoke_Email_Notification_Sub_Flow"/>
	   <set-payload value="#[vars.ErrorMessage]" doc:name="SetErrorPayload" doc:id="26db6df0-3c2c-40fb-a742-ae181a10be2c" />
	   <json-logger:logger doc:name="LogError" doc:id="338f6a1d-851d-40a8-ad5f-b7a8674f4e0c" config-ref="JSON_Logger_Config" correlationId="#[vars.correlationId]" transactionState="ERROR" loggingMessage="logs error response" errorType="#[error.errorType.identifier]" errorCode="#[vars.httpStatus]" errorText="#[error.description]" priority="ERROR"/>
       </on-error-propagate>
            <on-error-propagate type="APIKIT:UNSUPPORTED_MEDIA_TYPE">
            <set-variable value="500" doc:name="httpStatusCode" doc:id="e1aff0ba-4902-4636-aa97-68cc096b9805" variableName="httpStatus"/>
			<ee:transform doc:name="Error Message" doc:id="9fb45249-8f42-40b3-a98e-272eeff0b60d" >
				<ee:message >
					<ee:set-payload ><![CDATA[%dw 2.0
output application/json skipNullOn="everywhere"
---
[{
	"message": vars.httpStatus,
	"error":{
		"CorrelationId": vars.correlationId,
		"Type": error.errorType.asString,
		"Description": error.description,
		"Exception":error.exception.exceptionMessage,
		"Date": now() as String {format: "y-MM-dd"},
		"Time": now() as String {format: "hh:m:s"},
		"Service": Mule::p('application.service') ,
		
	}
}]]]></ee:set-payload>
				</ee:message>
				<ee:variables >
					<ee:set-variable variableName="ErrorMessage" ><![CDATA[%dw 2.0
output application/json skipNullOn="everywhere"
---
[{
	"message": vars.httpStatus,
	"error":{
		"CorrelationId": vars.correlationId,
		"Type": error.errorType.asString,
		"Description": error.description,
		"Exception":error.exception.exceptionMessage,
		"Date": now() as String {format: "y-MM-dd"},
		"Time": now() as String {format: "hh:m:s"},
		"Service": Mule::p('application.service') ,
		
	}
}]]]></ee:set-variable>
				</ee:variables>
			
</ee:transform>
	<flow-ref doc:name="Invoke_Email_Notification_Sub_Flow" doc:id="b02b0f5e-e2ea-4a4c-ab24-9e840df68aa7" name="Invoke_Email_Notification_Sub_Flow"/>
	<set-payload value="#[vars.ErrorMessage]" doc:name="SetErrorPayload" doc:id="aee8d407-3386-4782-bbe3-cd28e5a20fde" />
    <json-logger:logger doc:name="LogError" doc:id="658c6728-5c98-4cd1-a306-814893ef2075" config-ref="JSON_Logger_Config" correlationId="#[vars.correlationId]" transactionState="ERROR" loggingMessage="logs error response" errorType="#[error.errorType.identifier]" errorCode="#[vars.httpStatus]" errorText="#[error.description]" priority="ERROR"/>
    </on-error-propagate>
    <on-error-propagate type="APIKIT:NOT_IMPLEMENTED">
            <set-variable value="501" doc:name="httpStatusCode" doc:id="1f58a24f-1a45-4c88-ac21-78557ab60d8c" variableName="httpStatus" />
			<ee:transform doc:name="Error Message" doc:id="6f3d6fc5-6ae3-40cf-b9a3-7db5b4ed8e07">
				<ee:message>
					<ee:set-payload><![CDATA[%dw 2.0
output application/json skipNullOn="everywhere"
---
[{
	"message": vars.httpStatus,
	"error":{
		"CorrelationId": vars.correlationId,
		"Type": error.errorType.asString,
		"Description": error.description,
		"Exception":error.exception.exceptionMessage,
		"Date": now() as String {format: "y-MM-dd"},
		"Time": now() as String {format: "hh:m:s"},
		"Service": Mule::p('application.service') ,
		
	}
}]]]></ee:set-payload>
				</ee:message>
				<ee:variables >
					<ee:set-variable variableName="ErrorMessage" ><![CDATA[%dw 2.0
output application/json skipNullOn="everywhere"
---
[{
	"message": vars.httpStatus,
	"error":{
		"CorrelationId": vars.correlationId,
		"Type": error.errorType.asString,
		"Description": error.description,
		"Exception":error.exception.exceptionMessage,
		"Date": now() as String {format: "y-MM-dd"},
		"Time": now() as String {format: "hh:m:s"},
		"Service": Mule::p('application.service') ,
		
	}
}]]]></ee:set-variable>
				</ee:variables>
			
</ee:transform>
	<flow-ref doc:name="Invoke_Email_Notification_Sub_Flow" doc:id="336fc7ee-674e-4ba0-8a7e-fdd94f4d174e" name="Invoke_Email_Notification_Sub_Flow" />
	<set-payload value="#[vars.ErrorMessage]" doc:name="SetErrorPayload" doc:id="5229f02c-26b2-4dc3-bc88-5432d9d31759" />
    <json-logger:logger doc:name="LogError" doc:id="6c63bdcc-a81c-472e-9310-175a1682efc0" config-ref="JSON_Logger_Config" correlationId="#[vars.correlationId]" transactionState="ERROR" loggingMessage="logs error response" errorType="#[error.errorType.identifier]" errorCode="#[vars.httpStatus]" errorText="#[error.description]" priority="ERROR"/>
   </on-error-propagate>
	
             <on-error-propagate type="SALESFORCE:CONNECTIVITY" enableNotifications="true" logException="true">
            <set-variable value="500" doc:name="httpStatusCode" doc:id="fa45b88b-e37a-4d51-a239-37307569dfe6" variableName="httpStatus"/>
			<ee:transform doc:name="Error Message" doc:id="fa29093e-54e6-4439-868c-91f5eebafc45" >
				<ee:message >
					<ee:set-payload ><![CDATA[%dw 2.0
output application/json skipNullOn="everywhere"
---
[{
	"message": vars.httpStatus,
	"error":{
		"CorrelationId": vars.correlationId,
		"Type": error.errorType.asString,
		"Description": error.description,
		"Exception":error.exception.exceptionMessage,
		"Date": now() as String {format: "y-MM-dd"},
		"Time": now() as String {format: "hh:m:s"},
		"Service": Mule::p('application.service') ,
		
	}
}]]]></ee:set-payload>
				</ee:message>
				<ee:variables >
					<ee:set-variable variableName="ErrorMessage" ><![CDATA[%dw 2.0
output application/json skipNullOn="everywhere"
---
[{
	"message": vars.httpStatus,
	"error":{
		"CorrelationId": vars.correlationId,
		"Type": error.errorType.asString,
		"Description": error.description,
		"Exception":error.exception.exceptionMessage,
		"Date": now() as String {format: "y-MM-dd"},
		"Time": now() as String {format: "hh:m:s"},
		"Service": Mule::p('application.service') ,
		
	}
}]]]></ee:set-variable>
				</ee:variables>
			
</ee:transform>
	<flow-ref doc:name="Invoke_Email_Notification_Sub_Flow" doc:id="02b5bc1f-37db-4696-ae27-63c68fa27416" name="Invoke_Email_Notification_Sub_Flow"/>
	<set-payload value="#[vars.ErrorMessage]" doc:name="SetErrorPayload" doc:id="af743233-721f-437f-971b-5cbd3bb3499a" />
	<json-logger:logger doc:name="LogError" doc:id="02161c8d-4bcc-42f1-b996-434d7517824e" config-ref="JSON_Logger_Config" correlationId="#[vars.correlationId]" transactionState="ERROR" loggingMessage="logs error response" errorType="#[error.errorType.identifier]" errorCode="#[vars.httpStatus]" errorText="#[error.description]" priority="ERROR"/>
    </on-error-propagate>
		<on-error-propagate enableNotifications="true" logException="true" doc:name="On Error Propagate" doc:id="8f8d6b04-908a-4fbe-bb8e-eabbf9222787" type="API:SECURITY_VIOLATION">
			<set-variable value="#[401]" doc:name="httpStatusCode" doc:id="eca41c41-f56b-45e0-a62d-b6a15f86ca07" variableName="httpStatus" mimeType="application/java" />
			<ee:transform doc:name="Error Message" doc:id="4ea749e0-f238-44e0-ab3d-366c927d1250">
				<ee:message>
					<ee:set-payload><![CDATA[%dw 2.0
output application/json skipNullOn="everywhere"
---
[{
	"message": vars.httpStatus,
	"error":{
		"CorrelationId": vars.correlationId,
		"Type": error.errorType.asString,
		"Description": error.description,
		"Exception":error.exception.exceptionMessage,
		"Date": now() as String {format: "y-MM-dd"},
		"Time": now() as String {format: "hh:m:s"},
		"Service": Mule::p('application.service') ,
		
	}
}]]]></ee:set-payload>
				</ee:message>
				<ee:variables>
					<ee:set-variable variableName="ErrorMessage"><![CDATA[%dw 2.0
output application/json skipNullOn="everywhere"
---
[{
	"message": vars.httpStatus,
	"error":{
		"CorrelationId": vars.correlationId,
		"Type": error.errorType.asString,
		"Description": error.description,
		"Exception":error.exception.exceptionMessage,
		"Date": now() as String {format: "y-MM-dd"},
		"Time": now() as String {format: "hh:m:s"},
		"Service": Mule::p('application.service') ,
		
	}
}]]]></ee:set-variable>
				</ee:variables>
			</ee:transform>
			<flow-ref doc:name="Invoke_Email_Notification_Sub_Flow" doc:id="e626423f-5b6b-4e91-bfad-aa90350b2251" name="Invoke_Email_Notification_Sub_Flow" />
			<set-payload value="#[vars.ErrorMessage]" doc:name="SetErrorPayload" doc:id="f29b7f36-ce0b-458d-a86f-b6e64ec2fff2" />
			<json-logger:logger doc:name="LogERROR" doc:id="e531053c-5a0d-41f4-a5bc-e5120783564b" config-ref="JSON_Logger_Config" loggingMessage="logs error response" transactionState="ERROR" errorType="#[error.errorType.identifier]" correlationId="#[vars.correlationId]" errorCode="#[vars.httpStatus]" errorText="#[error.description]" priority="ERROR">
				<json-logger:payload><![CDATA[#[output application/json ---
{
 	payload: payload,
 	
}]]]></json-logger:payload>
			</json-logger:logger>
		</on-error-propagate>
		<on-error-propagate  type="EXPRESSION" enableNotifications="true" logException="true" doc:name="On Error Propagate">
            <set-variable value="500" doc:name="httpStatusCode" doc:id="053b50c8-c429-4f26-8300-5d72477ceea3" variableName="httpStatus" />
			<ee:transform doc:name="Error Message" doc:id="7830ecd3-1390-45d3-8503-78bb01836513">
				<ee:message>
					<ee:set-payload><![CDATA[%dw 2.0
output application/json skipNullOn="everywhere"
---
[{
	"message": vars.httpStatus,
	"error":{
		"CorrelationId": vars.correlationId,
		"Type": error.errorType.asString,
		"Description": error.description,
		"Exception":error.exception.exceptionMessage,
		"Date": now() as String {format: "y-MM-dd"},
		"Time": now() as String {format: "hh:m:s"},
		"Service": Mule::p('application.service') ,
		
	}
}]]]></ee:set-payload>
				</ee:message>
				<ee:variables>
					<ee:set-variable variableName="ErrorMessage"><![CDATA[%dw 2.0
output application/json skipNullOn="everywhere"
---
[{
	"message": vars.httpStatus,
	"error":{
		"CorrelationId": vars.correlationId,
		"Type": error.errorType.asString,
		"Description": error.description,
		"Exception":error.exception.exceptionMessage,
		"Date": now() as String {format: "y-MM-dd"},
		"Time": now() as String {format: "hh:m:s"},
		"Service": Mule::p('application.service') ,
		
	}
}]]]></ee:set-variable>
				</ee:variables>
			
</ee:transform>
			<flow-ref doc:name="Invoke_Email_Notification_Sub_Flow" doc:id="bc76106e-eb10-41a5-92ec-e9eae528f562" name="Invoke_Email_Notification_Sub_Flow" />
			<set-payload value="#[vars.ErrorMessage]" doc:name="SetErrorPayload" doc:id="468b9ab4-e884-4525-bd79-67c1dcb11fb0" />
            <json-logger:logger doc:name="LogError" doc:id="4f74cead-c6b9-43c9-99a6-748ae61d20d4" config-ref="JSON_Logger_Config" correlationId="#[vars.correlationId]" transactionState="ERROR" loggingMessage="logs error response" errorType="#[error.errorType.identifier]" errorCode="#[vars.httpStatus]" errorText="#[error.description]" priority="ERROR"/>
        </on-error-propagate >
        <on-error-propagate enableNotifications="true" logException="true" doc:name="On Error Propagate" doc:id="8bcc388e-a1d0-4d23-ac28-9f952353be7a" type="ANY">
			<set-variable value="#[500]" doc:name="httpStatusCode" doc:id="57f02eeb-5576-4aaf-8e1c-9c1402556c0b" variableName="httpStatus"/>
			<ee:transform doc:name="ErrorMessage" doc:id="4d1f62ce-67ae-4fdb-9a23-5b9786136982" >
				<ee:message >
					<ee:set-payload ><![CDATA[%dw 2.0
output application/json skipNullOn="everywhere"
---
[{
	"message": vars.httpStatus,
	"error":{
		"CorrelationId": vars.correlationId,
		"Type": error.errorType.asString,
		"Description": error.description,
		"Exception":error.exception.exceptionMessage,
		"Date": now() as String {format: "y-MM-dd"},
		"Time": now() as String {format: "hh:m:s"},
		"Service": Mule::p('application.service') ,
		
	}
}]]]></ee:set-payload>

				</ee:message>
				<ee:variables >
					<ee:set-variable variableName="ErrorMessage" ><![CDATA[%dw 2.0
output application/json skipNullOn="everywhere"
---
[{
	"message": vars.httpStatus,
	"error":{
		"CorrelationId": vars.correlationId,
		"Type": error.errorType.asString,
		"Description": error.description,
		"Exception":error.exception.exceptionMessage,
		"Date": now() as String {format: "y-MM-dd"},
		"Time": now() as String {format: "hh:m:s"},
		"Service": Mule::p('application.service') ,
		
	}
}]]]></ee:set-variable>
				</ee:variables>
			
</ee:transform>
			<flow-ref doc:name="Invoke_Email_Notification_Sub_Flow" doc:id="555f2bd6-a80d-4449-8c92-db5b0f1cafb9" name="Invoke_Email_Notification_Sub_Flow"/>
			<set-payload value="#[vars.ErrorMessage]" doc:name="SetErrorPayload" doc:id="b5015b4a-4b22-48cf-b0bb-d9a6cf15dca3" />
            <json-logger:logger doc:name="LogError" doc:id="30f8e818-5a85-4033-a84e-d2c0378d6e3c" config-ref="JSON_Logger_Config" correlationId="#[vars.correlationId]" transactionState="ERROR" loggingMessage="logs error response" errorType="#[error.errorType.identifier]" errorCode="#[vars.httpStatus]" errorText="#[error.description]" priority="ERROR"/>
</on-error-propagate>
		

	
</error-handler>
</mule>
