<?xml version="1.0" encoding="UTF-8"?>

<mule xmlns:http="http://www.mulesoft.org/schema/mule/http"
	xmlns:salesforce-composite="http://www.mulesoft.org/schema/mule/salesforce-composite"
	xmlns:salesforce="http://www.mulesoft.org/schema/mule/salesforce" xmlns:json-logger="http://www.mulesoft.org/schema/mule/json-logger"
	xmlns:validation="http://www.mulesoft.org/schema/mule/validation"
	xmlns:ee="http://www.mulesoft.org/schema/mule/ee/core" xmlns="http://www.mulesoft.org/schema/mule/core" xmlns:doc="http://www.mulesoft.org/schema/mule/documentation" xmlns:xsi="http://www.w3.org/2001/XMLSchema-instance" xsi:schemaLocation="
http://www.mulesoft.org/schema/mule/validation http://www.mulesoft.org/schema/mule/validation/current/mule-validation.xsd 
http://www.mulesoft.org/schema/mule/ee/core http://www.mulesoft.org/schema/mule/ee/core/current/mule-ee.xsd http://www.mulesoft.org/schema/mule/core http://www.mulesoft.org/schema/mule/core/current/mule.xsd
http://www.mulesoft.org/schema/mule/json-logger http://www.mulesoft.org/schema/mule/json-logger/current/mule-json-logger.xsd
http://www.mulesoft.org/schema/mule/salesforce http://www.mulesoft.org/schema/mule/salesforce/current/mule-salesforce.xsd
http://www.mulesoft.org/schema/mule/salesforce-composite http://www.mulesoft.org/schema/mule/salesforce-composite/current/mule-salesforce-composite.xsd
http://www.mulesoft.org/schema/mule/http http://www.mulesoft.org/schema/mule/http/current/mule-http.xsd">
	<sub-flow name="ValidationSub_Flow" doc:id="5c966141-28f7-4250-981f-1ce8f1b57597" >
		<ee:transform doc:name="ValidateRequestor" doc:id="714deb11-b262-4596-afd2-610fcd171c25">
			<ee:message>
				<ee:set-payload><![CDATA[%dw 2.0
output application/json
---
if(vars.clientId == Mule::p('secure::Auth.clientId') and vars.clientSecret == Mule::p('secure::Auth.clientSecret') )vars.clientId else null]]></ee:set-payload>
			</ee:message>
		</ee:transform>
		<validation:is-not-null doc:name="isValidClient" doc:id="3f1ad5ed-3446-4e4b-a178-c7aecba07bae" value="#[payload]" config-ref="Validation_Config" message="Unauthorized: The client_id and client_secret is Invalid">
			<error-mapping sourceType="VALIDATION:NULL" targetType="API:SECURITY_VIOLATION" />
		</validation:is-not-null>
	</sub-flow>
	<flow name="post:\order:application\json:order-system-api-config">
		<json-logger:logger doc:name="LogStartDebug" doc:id="ac62e406-285a-45c1-9671-f11a1a68a3f8" correlationId="#[vars.correlationId]" loggingMessage="The post order flow started" config-ref="JSON_Logger_Config">
			<json-logger:payload ><![CDATA[#[output application/json ---
{
 	payload: payload
 	
}]]]></json-logger:payload>
		</json-logger:logger>
		<ee:transform doc:name="Storing client_id and secret" doc:id="ef579f74-ce18-40b3-af11-2d56913c482a" >
			<ee:message >
			</ee:message>
			<ee:variables >
				<ee:set-variable variableName="clientId" ><![CDATA[%dw 2.0
output application/java
---
attributes.headers.client_id]]></ee:set-variable>
				<ee:set-variable variableName="clientSecret" ><![CDATA[%dw 2.0
output application/java
---
attributes.headers.client_secret]]></ee:set-variable>
				<ee:set-variable variableName="InitialPayload" ><![CDATA[%dw 2.0
output application/json
---
payload]]></ee:set-variable>
			
</ee:variables>
		</ee:transform>
		<flow-ref doc:name="ValidationFlow" doc:id="6cd7b47e-c614-4d2c-95f0-12047639523b" name="ValidationSub_Flow"/>
		<set-payload value="#[vars.InitialPayload]" doc:name="InitialPayload" doc:id="8d15aeee-e283-4a6c-bb74-53aba166d818" />
			<ee:transform doc:name="RequestPayloadOrder" doc:id="3c174047-50f7-4c78-bf76-7a020c58a8aa" >
				<ee:message >
					<ee:set-payload ><![CDATA[%dw 2.0
output application/java
---
payload.order map( order , indexOfOrder ) -> {
AccountId: {(order."custom-attributes"."custom-attribute" filter ($."@attribute-id"== Mule::p('filter.ScPersonAccountID')))
}."#text" default " ",
EffectiveDate: order."order-date" as DateTime default "",
status: order.status."order-status" default " ",
//SFCC_Order_Status__c: order.status."order-status",
BillingStreet: order.customer."billing-address".address1 default "",
BillingCity: order.customer."billing-address".city default "",
BillingState: order.customer."billing-address"."state-code" default "",
BillingPostalCode: order.customer."billing-address"."postal-code" default "",
BillingCountry: order.customer."billing-address"."country-code" default "",
SFCC_Currency__c: order.currency default "",
SFCC_Customer_Locale__c: order."customer-locale" default "",
SFCC_Customer_Number__c: order.customer."customer-no" default "",
SFCC_Customer_Email__c: order.customer."customer-email" default "",
SFCC_Billing_First_Name__c: order.customer."billing-address"."first-name" default "",
SFCC_Billing_Last_Name__c: order.customer."billing-address"."last-name" default "",
SFCC_Billing_Phone__c: order.customer."billing-address".phone default "",
SFCC_Shipping_Status__c: order.status."shipping-status" default "",
SFCC_Payment_Status__c: order.status."payment-status" default "",
//SFCC_Merch_Total_Gross_Price__c: order.totals."merchandize-total"."gross-price" default "",
SFCC_Net_Price__c: order.totals."order-total"."net-price",
SFCC_Total_Tax__c: order.totals."order-total".tax,
//SFCC_Adjusted_Merch_Total_Net_Price__c: order.totals."adjusted-merchandize-total"."net-price" default "",
//Adjusted_Merchandize_Total_Tax__c: order.totals."adjusted-merchandize-total".tax default "",
SFCC_Card_Type__c: order.payments.payment."credit-card"."card-type" default "",
SFCC_CC_No__c: order.payments.payment."credit-card"."card-number" default "",
SFCC_Credit_Card_Holder__c: order.payments.payment."credit-card"."card-holder" default "",
SFCC_Credit_Card_Expiration_Month__c: order.payments.payment."credit-card"."expiration-month" default "",
SFCC_Credit_Card_Expiration_Year__c: order.payments.payment."credit-card"."expiration-year" default "",
SFCC_Payment_Amount__c: order.payments.payment.amount default "",
SFCC_Order_ProcessorId__c: order.payments.payment."processor-id" default "",
SFCC_PaymentTransId__c: order.payments.payment."transaction-id" default "",
apDirectPaymentStatus__c: {(order.payments.payment."custom-attributes"."custom-attribute" filter($."@attribute-id"== Mule::p('filter.ApDirectPaymentStatus')))}."#text" default "",
aplsAfterpayOrder__c: {(order."custom-attributes"."custom-attribute" filter ($."@attribute-id"== Mule::p('filter.ApIsAfterpayOrder')))
}."#text" default "",
SFCC_Gross_Price__c: order.totals."order-total"."gross-price",
//SFCC_Adjusted_Merch_Total_Gross_Price__c: order.totals."adjusted-merchandize-total"."gross-price" default "",
SFCC_Shipping_Total_Net_Price__c: order.totals."shipping-total"."net-price" default "",
Shipping_Total_Tax__c: order.totals."shipping-total".tax default "",
SFCC_Order_Number__c: order."@order-no" default "",
SFCC_CreatedBy__c: order."created-by" default "",
Pricebook2Id: Mule::p('Order.Pricebook2Id')
}]]></ee:set-payload>
				</ee:message>
			</ee:transform>
		<salesforce:create doc:name="CreateOrder" doc:id="7690759f-1464-4d21-9e6c-d6854ed0b961" config-ref="Salesforce_Config" type="Order"/>
		<ee:transform doc:name="ResponsePayloadOrder" doc:id="36a968dd-f5c8-4ea3-a0af-5d5491663172" >
			<ee:message >
				<ee:set-payload ><![CDATA[%dw 2.0
output application/json
---
payload.items.payload map {
	scOrderId: $.id  ,
	message: if ( $.success==true ) "Success" else $.errors[0],
	errorCode: if ( $.success==true ) "0" else $.errors[0].statusCode
}

]]></ee:set-payload>
			</ee:message>
			<ee:variables >
				<ee:set-variable variableName="httpStatus" ><![CDATA[%dw 2.0
output application/java
---
201]]></ee:set-variable>
			</ee:variables>
		
</ee:transform>
		
			<json-logger:logger doc:name="LogEndDebug" doc:id="709efadd-e8c7-4b23-b99c-25cf1736faec" correlationId="#[vars.correlationId]" config-ref="JSON_Logger_Config" loggingMessage="It logs the end of flow" transactionState="SUCCESS">
			<json-logger:payload ><![CDATA[#[output application/json ---
{
 	payload: payload
 	
}]]]></json-logger:payload>
		</json-logger:logger>
		<error-handler ref="order-system-apiError_Handler" />
		
    
</flow>

 <flow name="get:\order\product:order-system-api-config">
 <json-logger:logger doc:name="LogStartDebug" doc:id="f80713d1-07af-404e-814c-c0a5f29d32c2" correlationId="#[vars.correlationId]" loggingMessage="The get order flow started" config-ref="JSON_Logger_Config">
			<json-logger:payload ><![CDATA[#[output application/json ---
{
 	payload: payload
 	
}]]]></json-logger:payload>
		</json-logger:logger>
		<ee:transform doc:name="Storing client_id and secret" doc:id="2fdaa5ab-83d7-4ca8-b9e9-6c8fe5dd88df" >
			<ee:message >
			</ee:message>
			<ee:variables >
				<ee:set-variable variableName="clientId" ><![CDATA[%dw 2.0
output application/java
---
attributes.headers.client_id]]></ee:set-variable>
				<ee:set-variable variableName="clientSecret" ><![CDATA[%dw 2.0
output application/java
---
attributes.headers.client_secret]]></ee:set-variable>
				<ee:set-variable variableName="Product_ID__c" ><![CDATA[%dw 2.0
output application/json
--- 
"(" ++ attributes.queryParams.productId ++")"]]></ee:set-variable>
			
</ee:variables>
		</ee:transform>
		<flow-ref doc:name="ValidationFlow" doc:id="ecbb6f8f-5d77-4b1a-9698-a8d4b73ecfd3" name="ValidationSub_Flow"/>
		<logger level="INFO" doc:name="ProductEntryTime" doc:id="39401429-9e74-4d29-a20d-fc954f6ff9d0" message="#[ProductEntryTime:now()]"/>
		<salesforce:query doc:name="QueryGetProduct" doc:id="a8dab9a0-47f4-425a-be89-ac9cdcf2e444" config-ref="Salesforce_Config">
			<salesforce:salesforce-query ><![CDATA[Select Id, Product_ID__c from Product2 where Product_ID__c  IN :productId

]]></salesforce:salesforce-query>
			<salesforce:parameters ><![CDATA[#[{
	productId:vars.Product_ID__c
}]]]></salesforce:parameters>
		</salesforce:query>
		<logger level="INFO" doc:name="ProductExistTime" doc:id="9f73ece9-741b-456e-b74e-2790180a1dc4" message="#[ProductExistTime:now()]"/>
		<ee:transform doc:name="GetCallResponse" doc:id="0afb5e97-8af4-4124-ac9d-d257f7d6bdb9" >
			<ee:message >
				<ee:set-payload ><![CDATA[%dw 2.0
output application/json skipNullOn="everywhere"
---
payload map (data,index)->{
	"Product2Id":data.Id,
	"type": data."type",
	"Product_ID__c": data.Product_ID__c
}]]></ee:set-payload>
			</ee:message>
			<ee:variables >
				<ee:set-variable variableName="httpStatus" ><![CDATA[%dw 2.0
output application/java
---
200]]></ee:set-variable>
				<ee:set-variable variableName="ID" ><![CDATA[%dw 2.0
output application/json
---
//id:if(payload.Id[0] == null)"" else payload.Id[0]
id:"(" ++ (payload.Id map "'$'" joinBy ",") ++ ")"

 ]]></ee:set-variable>
				<ee:set-variable variableName="GetProduct2Id" ><![CDATA[%dw 2.0
output application/json
---
payload map (data,index)->{
	"Product2Id":data.Id,
	"type": data."type",
	"Product_ID__c": data.Product_ID__c
}]]></ee:set-variable>
			</ee:variables>
		</ee:transform>
		<logger level="INFO" doc:name="PriceBookEntryTime" doc:id="645fb3af-907d-4bc2-9005-b75c8b70c43c" message="#[PriceBookEntryTime:now()]"/>
		<salesforce:query doc:name="QueryGetPricebookEntry" doc:id="38704e15-a513-4616-b399-9a01302d56e9" config-ref="Salesforce_Config">
			<salesforce:salesforce-query ><![CDATA[Select Id,Product2Id FROM PriceBookEntry where Product2Id IN  :Product2Id]]></salesforce:salesforce-query>
			<salesforce:parameters ><![CDATA[#[{
	"Product2Id":vars.ID.id
}]]]></salesforce:parameters>
		</salesforce:query>
		<logger level="INFO" doc:name="PriceBookExistTime" doc:id="1ec96ea9-9425-4721-b7b8-6b358bdddbf7" message="#[PriceBookExistTime:now()]"/>
		<ee:transform doc:name="Response" doc:id="580493c5-f6d3-4fd9-8a3c-e22422b127bf" >
			<ee:message >
				<ee:set-payload ><![CDATA[%dw 2.0
output application/json
---
vars.GetProduct2Id ++ payload]]></ee:set-payload>
			</ee:message>
			<ee:variables >
				<ee:set-variable variableName="response" ><![CDATA[%dw 2.0
output application/json
---
payload]]></ee:set-variable>
			</ee:variables>
		</ee:transform>
		<ee:transform doc:name="final Response" doc:id="773bcc8d-6f7f-45d7-a5b2-d2c5b0b44cb1">
			<ee:message>
				<ee:set-payload><![CDATA[%dw 2.0
output application/json 
---
vars.GetProduct2Id map(data,index)->{
	ProductId:data.Product_ID__c,
	(vars.response filter($.Product2Id == data.Product2Id) map(data2,index2)->{
	PriceBookEntryId:if(data2.Id==null)"PriceBookEntryId does not exist" else data2.Id
})}
]]></ee:set-payload>
			</ee:message>
			<ee:variables >
				<ee:set-variable variableName="httpStatus" ><![CDATA[%dw 2.0
output application/java
---
200]]></ee:set-variable>
			</ee:variables>
		</ee:transform>
		<json-logger:logger doc:name="LogEndDebug" doc:id="753e8664-5de1-4032-a283-4dc221d6d3f3" correlationId="#[vars.correlationId]" config-ref="JSON_Logger_Config" loggingMessage="It logs the end of flow" transactionState="SUCCESS">
			<json-logger:payload ><![CDATA[#[output application/json ---
{
 	payload: payload
 	
}]]]></json-logger:payload>
		</json-logger:logger>
		<error-handler ref="order-system-apiError_Handler" />
 
    
</flow>
    <flow name="post:\order\orderitem:application\json:order-system-api-config">
    <json-logger:logger doc:name="LogStartDebug" doc:id="92d9d412-2add-457f-967f-159675c81371" correlationId="#[vars.correlationId]" loggingMessage="The post order flow started" config-ref="JSON_Logger_Config">
			<json-logger:payload ><![CDATA[#[output application/json ---
{
 	payload: payload
 	
}]]]></json-logger:payload>
		</json-logger:logger>
		<ee:transform doc:name="Storing client_id and secret" doc:id="121f7da9-cb16-4c1c-a03b-ecbf16d70c21" >
			<ee:message >
			</ee:message>
			<ee:variables >
				<ee:set-variable variableName="clientId" ><![CDATA[%dw 2.0
output application/java
---
attributes.headers.client_id]]></ee:set-variable>
				<ee:set-variable variableName="clientSecret" ><![CDATA[%dw 2.0
output application/java
---
attributes.headers.client_secret]]></ee:set-variable>
				<ee:set-variable variableName="InitialPayload" ><![CDATA[%dw 2.0
output application/json
---
payload]]></ee:set-variable>
			
</ee:variables>
		</ee:transform>
		<flow-ref doc:name="ValidationFlow" doc:id="327b097b-fc13-4715-abd8-8b4ebbc9f517" name="ValidationSub_Flow"/>
		<set-payload value="#[vars.InitialPayload]" doc:name="InitialPayload" doc:id="5b46ff64-def3-48b9-a769-eebb8d2d674e" />
		<ee:transform doc:name="RequestPayloadOrderItem" doc:id="e48f6075-d126-4f83-bbbc-62826c9c3e3f" >
			<ee:message >
				<ee:set-payload ><![CDATA[%dw 2.0
output application/java
---
payload."product-lineitems"."product-lineitem" map ( productlineitem , indexOfProductlineitem ) -> {
	OrderId: productlineitem.SC_Order_ID default "",
	PricebookEntryId:productlineitem.PricebookEntryId default "",
	Quantity: productlineitem.quantity."#text" as Number default "",
	SFCC_Net_Price__c: productlineitem."net-price" default "",
	SFCC_Tax__c: productlineitem.tax default "",
	SFCC_Gross_Price__c: productlineitem."gross-price" default "",
	SFCC_Base_Price__c: productlineitem."base-price" default "",
	SFCC_Line_Item_Text__c: productlineitem."lineitem-text" default "",
	SFCC_Tax_Basis__c: productlineitem."tax-basis" default "",
	SFCC_ProductId__c: productlineitem."product-id" default "",
	SFCC_ProductName__c: productlineitem."product-name" default "",
	UnitPrice: productlineitem."base-price" default "",
}]]></ee:set-payload>
			</ee:message>
		</ee:transform>
		<salesforce:create doc:name="CreateOrderItem" doc:id="25e88310-c537-4f87-864b-ef298a50d47f" config-ref="Salesforce_Config" type="OrderItem"/>
		<ee:transform doc:name="Response PayloadOrderItem" doc:id="f211068d-b37d-46b8-a0da-2dcb4bd4121f" >
			<ee:message >
				<ee:set-payload ><![CDATA[%dw 2.0
output application/json
---
payload.items.payload map { 
	 scOrderItemId: $.id,
	 message: if ( $.success==true ) "Success" else $.errors[0],
	 errorCode: if ( $.success==true ) "0" else $.errors[0].statusCode
}

]]></ee:set-payload>
			</ee:message>
			<ee:variables >
				<ee:set-variable variableName="httpStatus" ><![CDATA[%dw 2.0
output application/java
---
201]]></ee:set-variable>
			</ee:variables>
		
</ee:transform>
		<json-logger:logger doc:name="LogEndDebug" doc:id="4ba07d6e-78f8-47eb-833a-6d63013e1305" correlationId="#[vars.correlationId]" config-ref="JSON_Logger_Config" loggingMessage="It logs the end of flow" transactionState="SUCCESS">
			<json-logger:payload ><![CDATA[#[output application/json ---
{
 	payload: payload
 	
}]]]></json-logger:payload>
		</json-logger:logger>
    
    </flow>
    <flow name="post:\order\product:application\json:order-system-api-config">
    <json-logger:logger doc:name="LogStartDebug" doc:id="74e5e35d-9d8e-4b51-8b08-cea3e2bc78ab" correlationId="#[vars.correlationId]" loggingMessage="The post order flow started" config-ref="JSON_Logger_Config">
			<json-logger:payload ><![CDATA[#[output application/json ---
{
 	payload: payload
 	
}]]]></json-logger:payload>
		</json-logger:logger>
		<ee:transform doc:name="Storing client_id and secret" doc:id="ffa77c17-00f4-4933-b591-725505c31079" >
			<ee:message >
			</ee:message>
			<ee:variables >
				<ee:set-variable variableName="clientId" ><![CDATA[%dw 2.0
output application/java
---
attributes.headers.client_id]]></ee:set-variable>
				<ee:set-variable variableName="clientSecret" ><![CDATA[%dw 2.0
output application/java
---
attributes.headers.client_secret]]></ee:set-variable>
				<ee:set-variable variableName="InitialPayload" ><![CDATA[%dw 2.0
output application/json
---
payload]]></ee:set-variable>
			
</ee:variables>
		</ee:transform>
		<flow-ref doc:name="ValidationFlow" doc:id="b519d09d-ab54-4115-8597-b4d9beae7f56" name="ValidationSub_Flow"/>
		<set-payload value="#[vars.InitialPayload]" doc:name="InitialPayload" doc:id="b5a729f3-5940-4ba9-8a8b-c7f6c80a7d63" />
    <ee:transform doc:name="RequestPayloadOrderProduct" doc:id="82f7cbbf-3c33-4013-bd5f-96db00fbd444" >
			<ee:message >
				<ee:set-payload ><![CDATA[%dw 2.0
output application/java
---
[{
	Name: (payload.CC_Product_Name default "") ++ payload.CC_Product_Name,
	Product_ID__c: payload.CC_Product_ID,
	IsActive: true
}]]]></ee:set-payload>
			</ee:message>
		</ee:transform>
		<salesforce:create type="Product2" doc:name="CreateProduct" doc:id="84f20a69-479e-4062-9e07-1065f5b46877" config-ref="Salesforce_Config"/>
		<ee:transform doc:name="ResponsePayloadOrderProduct" doc:id="950b1db1-4335-40c0-b1d3-f249c75de139" >
			<ee:message >
				<ee:set-payload ><![CDATA[%dw 2.0
output application/json
---
payload.items.payload map {
	scOrderProductId: $.id  ,
	message: if ( $.success==true ) "Success" else $.errors[0],
	errorCode: if ( $.success==true ) "0" else $.errors[0].statusCode
}

]]></ee:set-payload>
			</ee:message>
			<ee:variables >
				<ee:set-variable variableName="httpStatus" ><![CDATA[%dw 2.0
output application/java
---
201]]></ee:set-variable>
			</ee:variables>
		</ee:transform>
		<json-logger:logger doc:name="LogEndDebug" doc:id="e6770a72-4a36-4784-8a65-5bf4be1100ce" correlationId="#[vars.correlationId]" config-ref="JSON_Logger_Config" loggingMessage="It logs the end of flow" transactionState="SUCCESS">
			<json-logger:payload ><![CDATA[#[output application/json ---
{
 	payload: payload
 	
}]]]></json-logger:payload>
		</json-logger:logger>
    </flow>
    <flow name="post:\order\shippingaddress:application\json:order-system-api-config">
    <json-logger:logger doc:name="LogStartDebug" doc:id="7a532c93-4b13-4479-a17e-41eb1c514b92" correlationId="#[vars.correlationId]" loggingMessage="The post order flow started" config-ref="JSON_Logger_Config">
			<json-logger:payload ><![CDATA[#[output application/json ---
{
 	payload: payload
 	
}]]]></json-logger:payload>
		</json-logger:logger>
		<ee:transform doc:name="Storing client_id and secret" doc:id="16490cd2-4b7b-494e-9146-a2086d0c4b64" >
			<ee:message >
			</ee:message>
			<ee:variables >
				<ee:set-variable variableName="clientId" ><![CDATA[%dw 2.0
output application/java
---
attributes.headers.client_id]]></ee:set-variable>
				<ee:set-variable variableName="clientSecret" ><![CDATA[%dw 2.0
output application/java
---
attributes.headers.client_secret]]></ee:set-variable>
				<ee:set-variable variableName="InitialPayload" ><![CDATA[%dw 2.0
output application/json
---
payload]]></ee:set-variable>
			
</ee:variables>
		</ee:transform>
		<flow-ref doc:name="ValidationFlow" doc:id="73db1ffb-fbf8-4380-8ea5-bb7a933405ed" name="ValidationSub_Flow"/>
		<set-payload value="#[vars.InitialPayload]" doc:name="InitialPayload" doc:id="a7f7c9d4-9d15-490e-be4a-73334c278076" />
        <ee:transform doc:name="RequestPayloadAddress" doc:id="89229b0f-b8b5-4fb9-867e-a13107a32896" >
			<ee:message >
				<ee:set-payload ><![CDATA[%dw 2.0
output application/java
---
payload.shipments.shipment map ( shipment , indexOfShipment ) -> {
	Shipping_Method__c: shipment."shipping-method" default "",
	SFCC_Shipping_First_Name__c: shipment."shipping-address"."first-name" default "",
	SFCC_Shipping_Last_Name__c: shipment."shipping-address"."last-name" default "",
	SFCC_Shipping_Address1__c: shipment."shipping-address".address1 default "",
	SFCC_Shipping_Address2__c: shipment."shipping-address".address2 default "",
	SFCC_Shipping_City__c: shipment."shipping-address".city default "",
	SFCC_Shipping_Postal_Code__c: shipment."shipping-address"."postal-code" default "",
	SFCC_Shipping_State_Code__c: shipment."shipping-address"."state-code" default "",
	Shipping_Country_Code__c: shipment."shipping-address"."country-code" default "",
	SFCC_Shipping_Phone__c: shipment."shipping-address".phone default "",
	Order__c: shipment.SC_Order_ID default "",
	SFCC_Shipment_Status__c: shipment.status."shipping-status" default ""
}]]></ee:set-payload>
			</ee:message>
		</ee:transform>
		<salesforce:create doc:name="CreateAddress" doc:id="41327b48-65f4-4d13-8ce0-cb1e8c1122a7" config-ref="Salesforce_Config" type="Shipping_Order__c"/>
		<ee:transform doc:name="ResponsePayloadAddress" doc:id="6ef47685-9537-44b1-99f1-6295c84e5608" >
			<ee:message >
				<ee:set-payload ><![CDATA[%dw 2.0
output application/json
---
payload.items.payload map {
	scAddressId: $.id ,
	message: if ( $.success==true ) "Success" else $.errors[0],
	errorCode: if ( $.success==true ) "0" else $.errors[0].statusCode,
	
}

]]></ee:set-payload>
			</ee:message>
			<ee:variables >
				<ee:set-variable variableName="httpStatus" ><![CDATA[%dw 2.0
output application/java
---
201]]></ee:set-variable>

			</ee:variables>
		
</ee:transform>
<json-logger:logger doc:name="LogEndDebug" doc:id="28dedf3d-2ea2-4289-8655-57fa4e651b97" correlationId="#[vars.correlationId]" config-ref="JSON_Logger_Config" loggingMessage="It logs the end of flow" transactionState="SUCCESS">
			<json-logger:payload ><![CDATA[#[output application/json ---
{
 	payload: payload
 	
}]]]></json-logger:payload>
		</json-logger:logger>
        
    </flow>

	
	
</mule>
