<?xml version="1.0" encoding="UTF-8"?>

<mule xmlns:secure-properties="http://www.mulesoft.org/schema/mule/secure-properties"
	xmlns:salesforce-composite="http://www.mulesoft.org/schema/mule/salesforce-composite"
	xmlns:tls="http://www.mulesoft.org/schema/mule/tls"
	xmlns:salesforce="http://www.mulesoft.org/schema/mule/salesforce" xmlns:json-logger="http://www.mulesoft.org/schema/mule/json-logger"
	xmlns:validation="http://www.mulesoft.org/schema/mule/validation"
	xmlns:apikit="http://www.mulesoft.org/schema/mule/mule-apikit" xmlns:http="http://www.mulesoft.org/schema/mule/http" xmlns="http://www.mulesoft.org/schema/mule/core" xmlns:doc="http://www.mulesoft.org/schema/mule/documentation" xmlns:xsi="http://www.w3.org/2001/XMLSchema-instance" xsi:schemaLocation="
http://www.mulesoft.org/schema/mule/validation http://www.mulesoft.org/schema/mule/validation/current/mule-validation.xsd 
http://www.mulesoft.org/schema/mule/mule-apikit http://www.mulesoft.org/schema/mule/mule-apikit/current/mule-apikit.xsd 
http://www.mulesoft.org/schema/mule/http http://www.mulesoft.org/schema/mule/http/current/mule-http.xsd http://www.mulesoft.org/schema/mule/core http://www.mulesoft.org/schema/mule/core/current/mule.xsd
http://www.mulesoft.org/schema/mule/json-logger http://www.mulesoft.org/schema/mule/json-logger/current/mule-json-logger.xsd
http://www.mulesoft.org/schema/mule/salesforce http://www.mulesoft.org/schema/mule/salesforce/current/mule-salesforce.xsd
http://www.mulesoft.org/schema/mule/tls http://www.mulesoft.org/schema/mule/tls/current/mule-tls.xsd
http://www.mulesoft.org/schema/mule/salesforce-composite http://www.mulesoft.org/schema/mule/salesforce-composite/current/mule-salesforce-composite.xsd
http://www.mulesoft.org/schema/mule/secure-properties http://www.mulesoft.org/schema/mule/secure-properties/current/mule-secure-properties.xsd">
	<http:listener-config name="order-system-api-httpListenerConfig">
        <http:listener-connection host="${https.listener.host}" port="${https.listener.port}" protocol="HTTPS">
			<tls:context >
				<tls:key-store type="jks" path="keystore.jks" keyPassword="${keystore.password}" password="${keystore.password}" />
			</tls:context>
		</http:listener-connection>
    </http:listener-config>
    <apikit:config name="order-system-api-config" api="order-system-api.raml" outboundHeadersMapName="outboundHeaders" httpStatusVarName="httpStatus"/>
    <configuration-properties doc:name="Configuration properties" doc:id="eaccec12-2c54-4d89-8039-1d917a96f201" file="properties/app_common.yaml" doc:description="CommonProperties"/>
	<configuration doc:name="Configuration" doc:id="df9cb3ba-5301-491f-90be-3646ea63bf4f" defaultErrorHandler-ref="order-system-apiError_Handler" doc:description="Global Error Handler"/>
	<global-property doc:name="Global Property" doc:id="79d0c704-5bb2-419e-ab4f-8c2e1882e49e" doc:description="Environment Property" name="env" value="dev" />
	<validation:config name="Validation_Config" doc:name="Validation Config" doc:id="999b7a63-2881-4720-84d0-be39d39a5df1" />
	<secure-properties:config name="Secure_Properties_Config" doc:name="Secure Properties Config" doc:id="7d1471f9-6ecb-4040-b776-63a7be7cf8d5" file="properties\app_secure.yaml" key="${secure.key}"/>
	<json-logger:config name="JSON_Logger_Config" doc:name="JSON Logger Config" doc:id="c1949855-729a-43ee-84f6-8b5562172bf0" appName="${application.name} " enviornmentId  ="${env} " domainName="${application.domain} " serviceName="${application.service} " sourceName="${application.source} " targetName="${application.target} " disabledFields="${json.logger.disabledFields}" />
	<http:request-config name="HTTPS_Email_Request_config" doc:name="HTTP Request configuration" doc:id="1b3e727a-06ca-4319-946b-85f0343af96e" basePath="${https.requestor.email.basepath}" >
		<http:request-connection protocol="HTTPS" host="${https.requestor.email.host}" >
			<reconnection >
				<reconnect frequency="${https.requestor.reconnection.frequency}" count="${https.requestor.reconnection.attempts}" />
			</reconnection>
			<tls:context >
				<tls:key-store type="jks" path="keystore.jks" keyPassword="${keystore.password}" password="${keystore.password}" />
			</tls:context>
		</http:request-connection>
	</http:request-config>
	<salesforce:sfdc-config name="Salesforce_Config" doc:name="Salesforce Config" doc:id="63bd1062-50eb-4692-aec5-fbe130587c91" >
		<salesforce:basic-connection username="${sfdc.username}" password="${sfdc.password}" securityToken="${sfdc.token}" url="${sfdc.url}" />
	</salesforce:sfdc-config>
	<configuration-properties doc:name="Configuration properties" doc:id="bfeedcdf-fd9e-46c5-9e27-e00c5f12e85f" file="properties\app_${env}_config.yaml" doc:description="EnvironmentSpecificProperties" />
	<global-property doc:name="Global Property" doc:id="d575aa2a-3d96-4bb9-8563-1d19ec0b452a" name="secure.key" value="FilaOrder2244556" />
	
	
	
</mule>
