<?xml version="1.0" encoding="UTF-8"?>

<mule xmlns:json-logger="http://www.mulesoft.org/schema/mule/json-logger"
	xmlns:http="http://www.mulesoft.org/schema/mule/http" xmlns="http://www.mulesoft.org/schema/mule/core"
	xmlns:doc="http://www.mulesoft.org/schema/mule/documentation"
	xmlns:xsi="http://www.w3.org/2001/XMLSchema-instance" xsi:schemaLocation="
http://www.mulesoft.org/schema/mule/http http://www.mulesoft.org/schema/mule/http/current/mule-http.xsd http://www.mulesoft.org/schema/mule/core http://www.mulesoft.org/schema/mule/core/current/mule.xsd
http://www.mulesoft.org/schema/mule/json-logger http://www.mulesoft.org/schema/mule/json-logger/current/mule-json-logger.xsd">
	
	<sub-flow name="Invoke_Email_Notification_Sub_Flow" doc:id="c4e5ba5c-47a4-4ee7-ab96-bff49eb0a9d6" >
		<json-logger:logger doc:name="LogStartDebug" doc:id="ddb74057-fbdd-41d5-bd43-5bd8e36f6714" config-ref="JSON_Logger_Config" correlationId="#[vars.correlationId]" errorType="This is start of Email Notification Sub Flow" priority="DEBUG"/>
		<http:request method="POST" doc:name="Invoke Email Notification Api" doc:id="e3480845-3ca5-4f49-b7f4-cd401c894aad" config-ref="HTTPS_Email_Request_config" path="${https.requestor.email.path}" sendCorrelationId="ALWAYS" correlationId="#[vars.correlationId]">
			<http:body ><![CDATA[#[output application/json
---
{
	"fromEmail":Mule::p('email.ID'),
	"toEmail":Mule::p('email.ID'),
	"subject": Mule::p('env')  ++ " :: " ++ Mule::p('application.name') ++ "::"++  Mule::p('application.service'),
	"body":vars.ErrorMessage[0]
	
	
}]]]></http:body>

		</http:request>
		<json-logger:logger doc:name="LogEndDebug" doc:id="10005dc7-b24e-42b1-8675-0b4347ffa9c0" loggingMessage="This is End of Email Notification Sub Flow" correlationId="#[vars.correlationId]" config-ref="JSON_Logger_Config" priority="DEBUG"/>
	
</sub-flow>
	
	
	</mule>
