{
  "$schema": "http://json-schema.org/draft-04/schema#",
  "type": "object",
  "properties": {
    "order": {
      "type": "array",
      "items": [
        {
          "type": "object",
          "properties": {
            "@order-no": {
              "type": "string"
            },
            "order-date": {
              "type": "string"
            },
            "created-by": {
              "type": "string"
            },
            "original-order-no": {
              "type": "string"
            },
            "currency": {
              "type": "string"
            },
            "customer-locale": {
              "type": "string"
            },
            "taxation": {
              "type": "string"
            },
            "invoice-no": {
              "type": "string"
            },
            "customer": {
              "type": "object",
              "properties": {
                "customer-no": {
                  "type": "string"
                },
                "customer-name": {
                  "type": "string"
                },
                "customer-email": {
                  "type": "string"
                },
                "billing-address": {
                  "type": "object",
                  "properties": {
                    "first-name": {
                      "type": "string"
                    },
                    "last-name": {
                      "type": "string"
                    },
                    "address1": {
                      "type": "string"
                    },
                    "city": {
                      "type": "string"
                    },
                    "postal-code": {
                      "type": "string"
                    },
                    "state-code": {
                      "type": "string"
                    },
                    "country-code": {
                      "type": "string"
                    },
                    "phone": {
                      "type": "string"
                    }
                  },
                  "required": [
                    "first-name",
                    "last-name",
                    "address1",
                    "city",
                    "postal-code",
                    "state-code",
                    "country-code",
                    "phone"
                  ]
                }
              },
              "required": [
                "customer-no",
                "customer-name",
                "customer-email",
                "billing-address"
              ]
            },
            "status": {
              "type": "object",
              "properties": {
                "order-status": {
                  "type": "string"
                },
                "shipping-status": {
                  "type": "string"
                },
                "confirmation-status": {
                  "type": "string"
                },
                "payment-status": {
                  "type": "string"
                }
              },
              "required": [
                "order-status",
                "shipping-status",
                "confirmation-status",
                "payment-status"
              ]
            },
            "current-order-no": {
              "type": "string"
            },
            "product-lineitems": {
              "type": "object",
              "properties": {
                "product-lineitem": {
                  "type": "array",
                  "items": [
                    {
                      "type": "object",
                      "properties": {
                        "net-price": {
                          "type": "string"
                        },
                        "tax": {
                          "type": "string"
                        },
                        "gross-price": {
                          "type": "string"
                        },
                        "base-price": {
                          "type": "string"
                        },
                        "lineitem-text": {
                          "type": "string"
                        },
                        "tax-basis": {
                          "type": "string"
                        },
                        "position": {
                          "type": "string"
                        },
                        "product-id": {
                          "type": "string"
                        },
                        "product-name": {
                          "type": "string"
                        },
                        "quantity": {
                          "type": "object",
                          "properties": {
                            "@unit": {
                              "type": "string"
                            },
                            "#text": {
                              "type": "string"
                            }
                          },
                          "required": [
                            "@unit",
                            "#text"
                          ]
                        },
                        "tax-rate": {
                          "type": "string"
                        },
                        "shipment-id": {
                          "type": "string"
                        },
                        "gift": {
                          "type": "string"
                        }
                      },
                      "required": [
                        "net-price",
                        "tax",
                        "gross-price",
                        "base-price",
                        "lineitem-text",
                        "tax-basis",
                        "position",
                        "product-id",
                        "product-name",
                        "quantity",
                        "tax-rate",
                        "shipment-id",
                        "gift"
                      ]
                    }
                  ]
                }
              },
              "required": [
                "product-lineitem"
              ]
            },
            "shipping-lineitems": {
              "type": "object",
              "properties": {
                "shipping-lineitem": {
                  "type": "object",
                  "properties": {
                    "net-price": {
                      "type": "string"
                    },
                    "tax": {
                      "type": "string"
                    },
                    "gross-price": {
                      "type": "string"
                    },
                    "base-price": {
                      "type": "string"
                    },
                    "lineitem-text": {
                      "type": "string"
                    },
                    "tax-basis": {
                      "type": "string"
                    },
                    "item-id": {
                      "type": "string"
                    },
                    "shipment-id": {
                      "type": "string"
                    },
                    "tax-rate": {
                      "type": "string"
                    }
                  },
                  "required": [
                    "net-price",
                    "tax",
                    "gross-price",
                    "base-price",
                    "lineitem-text",
                    "tax-basis",
                    "item-id",
                    "shipment-id",
                    "tax-rate"
                  ]
                }
              },
              "required": [
                "shipping-lineitem"
              ]
            },
            "shipments": {
              "type": "object",
              "properties": {
                "shipment": {
                  "type": "array",
                  "items": [
                    {
                      "type": "object",
                      "properties": {
                        "@shipment-id": {
                          "type": "string"
                        },
                        "status": {
                          "type": "object",
                          "properties": {
                            "shipping-status": {
                              "type": "string"
                            }
                          },
                          "required": [
                            "shipping-status"
                          ]
                        },
                        "shipping-method": {
                          "type": "string"
                        },
                        "shipping-address": {
                          "type": "object",
                          "properties": {
                            "first-name": {
                              "type": "string"
                            },
                            "last-name": {
                              "type": "string"
                            },
                            "address1": {
                              "type": "string"
                            },
                            "address2": {
                              "type": "string"
                            },
                            "city": {
                              "type": "string"
                            },
                            "postal-code": {
                              "type": "string"
                            },
                            "state-code": {
                              "type": "string"
                            },
                            "country-code": {
                              "type": "string"
                            },
                            "phone": {
                              "type": "string"
                            }
                          },
                          "required": [
                            "first-name",
                            "last-name",
                            "address1",
                            "address2",
                            "city",
                            "postal-code",
                            "state-code",
                            "country-code",
                            "phone"
                          ]
                        },
                        "gift": {
                          "type": "string"
                        },
                        "totals": {
                          "type": "object",
                          "properties": {
                            "merchandize-total": {
                              "type": "object",
                              "properties": {
                                "net-price": {
                                  "type": "string"
                                },
                                "tax": {
                                  "type": "string"
                                },
                                "gross-price": {
                                  "type": "string"
                                }
                              },
                              "required": [
                                "net-price",
                                "tax",
                                "gross-price"
                              ]
                            },
                            "adjusted-merchandize-total": {
                              "type": "object",
                              "properties": {
                                "net-price": {
                                  "type": "string"
                                },
                                "tax": {
                                  "type": "string"
                                },
                                "gross-price": {
                                  "type": "string"
                                }
                              },
                              "required": [
                                "net-price",
                                "tax",
                                "gross-price"
                              ]
                            },
                            "shipping-total": {
                              "type": "object",
                              "properties": {
                                "net-price": {
                                  "type": "string"
                                },
                                "tax": {
                                  "type": "string"
                                },
                                "gross-price": {
                                  "type": "string"
                                }
                              },
                              "required": [
                                "net-price",
                                "tax",
                                "gross-price"
                              ]
                            },
                            "adjusted-shipping-total": {
                              "type": "object",
                              "properties": {
                                "net-price": {
                                  "type": "string"
                                },
                                "tax": {
                                  "type": "string"
                                },
                                "gross-price": {
                                  "type": "string"
                                }
                              },
                              "required": [
                                "net-price",
                                "tax",
                                "gross-price"
                              ]
                            },
                            "shipment-total": {
                              "type": "object",
                              "properties": {
                                "net-price": {
                                  "type": "string"
                                },
                                "tax": {
                                  "type": "string"
                                },
                                "gross-price": {
                                  "type": "string"
                                }
                              },
                              "required": [
                                "net-price",
                                "tax",
                                "gross-price"
                              ]
                            }
                          },
                          "required": [
                            "merchandize-total",
                            "adjusted-merchandize-total",
                            "shipping-total",
                            "adjusted-shipping-total",
                            "shipment-total"
                          ]
                        }
                      },
                      "required": [
                        "@shipment-id",
                        "status",
                        "shipping-method",
                        "shipping-address",
                        "gift",
                        "totals"
                      ]
                    }
                  ]
                }
              },
              "required": [
                "shipment"
              ]
            },
            "totals": {
              "type": "object",
              "properties": {
                "merchandize-total": {
                  "type": "object",
                  "properties": {
                    "net-price": {
                      "type": "string"
                    },
                    "tax": {
                      "type": "string"
                    },
                    "gross-price": {
                      "type": "string"
                    }
                  },
                  "required": [
                    "net-price",
                    "tax",
                    "gross-price"
                  ]
                },
                "adjusted-merchandize-total": {
                  "type": "object",
                  "properties": {
                    "net-price": {
                      "type": "string"
                    },
                    "tax": {
                      "type": "string"
                    },
                    "gross-price": {
                      "type": "string"
                    }
                  },
                  "required": [
                    "net-price",
                    "tax",
                    "gross-price"
                  ]
                },
                "shipping-total": {
                  "type": "object",
                  "properties": {
                    "net-price": {
                      "type": "string"
                    },
                    "tax": {
                      "type": "string"
                    },
                    "gross-price": {
                      "type": "string"
                    }
                  },
                  "required": [
                    "net-price",
                    "tax",
                    "gross-price"
                  ]
                },
                "adjusted-shipping-total": {
                  "type": "object",
                  "properties": {
                    "net-price": {
                      "type": "string"
                    },
                    "tax": {
                      "type": "string"
                    },
                    "gross-price": {
                      "type": "string"
                    }
                  },
                  "required": [
                    "net-price",
                    "tax",
                    "gross-price"
                  ]
                },
                "order-total": {
                  "type": "object",
                  "properties": {
                    "net-price": {
                      "type": "string"
                    },
                    "tax": {
                      "type": "string"
                    },
                    "gross-price": {
                      "type": "string"
                    }
                  },
                  "required": [
                    "net-price",
                    "tax",
                    "gross-price"
                  ]
                }
              },
              "required": [
                "merchandize-total",
                "adjusted-merchandize-total",
                "shipping-total",
                "adjusted-shipping-total",
                "order-total"
              ]
            },
            "payments": {
              "type": "object",
              "properties": {
                "payment": {
                  "type": "object",
                  "properties": {
                    "credit-card": {
                      "type": "object",
                      "properties": {
                        "card-type": {
                          "type": "string"
                        },
                        "card-number": {
                          "type": "string"
                        },
                        "card-holder": {
                          "type": "string"
                        },
                        "expiration-month": {
                          "type": "string"
                        },
                        "expiration-year": {
                          "type": "string"
                        }
                      },
                      "required": [
                        "card-type",
                        "card-number",
                        "card-holder",
                        "expiration-month",
                        "expiration-year"
                      ]
                    },
                    "amount": {
                      "type": "string"
                    },
                    "processor-id": {
                      "type": "string"
                    },
                    "transaction-id": {
                      "type": "string"
                    },
                    "custom-attributes": {
                      "type": "object",
                      "properties": {
                        "custom-attribute": {
                          "type": "array",
                          "items": [
                            {
                              "type": "object",
                              "properties": {
                                "@attribute-id": {
                                  "type": "string"
                                },
                                "#text": {
                                  "type": "string"
                                }
                              },
                              "required": [
                                "@attribute-id",
                                "#text"
                              ]
                            },
                            {
                              "type": "object",
                              "properties": {
                                "@attribute-id": {
                                  "type": "string"
                                },
                                "#text": {
                                  "type": "string"
                                }
                              },
                              "required": [
                                "@attribute-id",
                                "#text"
                              ]
                            }
                          ]
                        }
                      },
                      "required": [
                        "custom-attribute"
                      ]
                    }
                  },
                  "required": [
                    "credit-card",
                    "amount",
                    "processor-id",
                    "transaction-id",
                    "custom-attributes"
                  ]
                }
              },
              "required": [
                "payment"
              ]
            },
            "custom-attributes": {
              "type": "object",
              "properties": {
                "custom-attribute": {
                  "type": "array",
                  "items": [
                    {
                      "type": "object",
                      "properties": {
                        "@attribute-id": {
                          "type": "string"
                        },
                        "#text": {
                          "type": "string"
                        }
                      },
                      "required": [
                        "@attribute-id",
                        "#text"
                      ]
                    },
                    {
                      "type": "object",
                      "properties": {
                        "@attribute-id": {
                          "type": "string"
                        },
                        "#text": {
                          "type": "string"
                        }
                      },
                      "required": [
                        "@attribute-id",
                        "#text"
                      ]
                    }
                  ]
                }
              },
              "required": [
                "custom-attribute"
              ]
            }
          },
          "required": [
            "@order-no",
            "order-date",
            "created-by",
            "original-order-no",
            "currency",
            "customer-locale",
            "taxation",
            "invoice-no",
            "customer",
            "status",
            "current-order-no",
            "product-lineitems",
            "shipping-lineitems",
            "shipments",
            "totals",
            "payments",
            "custom-attributes"
          ]
        }
      ]
    }
  },
  "required": [
    "order"
  ]
}