{
   "order": [{
      "@order-no": "00013443",
      "order-date": "2020-04-14T21:01:04.000Z",
      "created-by": "storefront",
      "original-order-no": "00013443",
      "currency": "USD",
      "customer-locale": "en_US",
      "taxation": "net",
      "invoice-no": "00059133",
      "customer": {
         "customer-no": "00084114",
         "customer-name": "vineeta Srivastava",
         "customer-email": "vsrivastava@lyonscg.com",
         "billing-address": {
            "first-name": "Vineeta",
            "last-name": "Srivastava",
            "address1": "2393 Marquis Ct",
            "city": "Ann Arbor",
            "postal-code": "48103",
            "state-code": "MI",
            "country-code": "US",
            "phone": "7342770290"
         }
      },
      "status": {
         "order-status": "NEW",
         "shipping-status": "NOT_SHIPPED",
         "confirmation-status": "CONFIRMED",
         "payment-status": "NOT_PAID"
      },
      "current-order-no": "00013443",
      "product-lineitems": {
         "product-lineitem": [{
            "net-price": "75.00",
            "tax": "4.50",
            "gross-price": "79.50",
            "base-price": "75.00",
            "lineitem-text": "UPROOT",
            "tax-basis": "75.00",
            "position": "1",
            "product-id": "633641996151",
            "product-name": "UPROOT",
            "quantity": {
               "@unit": "",
               "#text": "1.0"
            },
            "tax-rate": "0.06",
            "shipment-id": "00061633",
            "gift": "false"
         }]
      },
      "shipping-lineitems": {
         "shipping-lineitem": {
            "net-price": "0.00",
            "tax": "0.00",
            "gross-price": "0.00",
            "base-price": "0.00",
            "lineitem-text": "Shipping",
            "tax-basis": "0.00",
            "item-id": "STANDARD_SHIPPING",
            "shipment-id": "00061633",
            "tax-rate": "0.0"
         }
      },
      "shipments": {
         "shipment": [{
            "@shipment-id": "00061633",
            "status": {
               "shipping-status": "NOT_SHIPPED"
            },
            "shipping-method": "FXD",
            "shipping-address": {
               "first-name": "Vineeta",
               "last-name": "Srivastava",
               "address1": "2393 Marquis Ct",
               "address2":"Marquis",
               "city": "Ann Arbor",
               "postal-code": "48103",
               "state-code": "MI",
               "country-code": "US",
               "phone": "7342770290"
            },
            "gift": "false",
            "totals": {
               "merchandize-total": {
                  "net-price": "75.00",
                  "tax": "4.50",
                  "gross-price": "79.50"
               },
               "adjusted-merchandize-total": {
                  "net-price": "75.00",
                  "tax": "4.50",
                  "gross-price": "79.50"
               },
               "shipping-total": {
                  "net-price": "0.00",
                  "tax": "0.00",
                  "gross-price": "0.00"
               },
               "adjusted-shipping-total": {
                  "net-price": "0.00",
                  "tax": "0.00",
                  "gross-price": "0.00"
               },
               "shipment-total": {
                  "net-price": "75.00",
                  "tax": "4.50",
                  "gross-price": "79.50"
               }
            }
         }]
      },
      "totals": {
         "merchandize-total": {
            "net-price": "75.00",
            "tax": "4.50",
            "gross-price": "79.50"
         },
         "adjusted-merchandize-total": {
            "net-price": "75.00",
            "tax": "4.50",
            "gross-price": "79.50"
         },
         "shipping-total": {
            "net-price": "0.00",
            "tax": "0.00",
            "gross-price": "0.00"
         },
         "adjusted-shipping-total": {
            "net-price": "0.00",
            "tax": "0.00",
            "gross-price": "0.00"
         },
         "order-total": {
            "net-price": "75.00",
            "tax": "4.50",
            "gross-price": "79.50"
         }
      },
      "payments": {
         "payment": {
            "credit-card": {
               "card-type": "VISA",
               "card-number": "XXXX-XXXX-XXXX-4113",
               "card-holder": "Akshay Paliwal",
               "expiration-month": "1",
               "expiration-year": "2024"
            },
            "amount": "97.43",
            "processor-id": "BASIC_CREDIT",
            "transaction-id": "00002029",
            "custom-attributes": {
               "custom-attribute": [
                  {
                     "@attribute-id": "bfResponseData",
                     "#text": "RESULT=0&PNREF=B80P0D32A555&RESPMSG=Approved&AUTHCODE=111111&AVSADDR=Y&AVSZIP=Y&CVV2MATCH=X&PPREF=HLHYVGI3ICJL5XL3O&CORRELATIONID=2c9706997458s&PROCAVS=Y&PROCCVV2=S&IAVS=N&PREFPSMSG=No Rules Triggered&POSTFPSMSG=No Rules Triggered"
                  },
                  {
                     "@attribute-id": "bfResponseData",
                     "#text": "RESULT=0&PNREF=B80P0D32A555&RESPMSG=Approved&AUTHCODE=111111&AVSADDR=Y&AVSZIP=Y&CVV2MATCH=X&PPREF=HLHYVGI3ICJL5XL3O&CORRELATIONID=2c9706997458s&PROCAVS=Y&PROCCVV2=S&IAVS=N&PREFPSMSG=No Rules Triggered&POSTFPSMSG=No Rules Triggered"
                  }
               ]
            }
         }
      },
      "custom-attributes": {
         "custom-attribute": [
            {
               "@attribute-id": "bfResponseData",
               "#text": "RESULT=0&PNREF=B80P0D32A555&RESPMSG=Approved&AUTHCODE=111111&AVSADDR=Y&AVSZIP=Y&CVV2MATCH=X&PPREF=HLHYVGI3ICJL5XL3O&CORRELATIONID=2c9706997458s&PROCAVS=Y&PROCCVV2=S&IAVS=N&PREFPSMSG=No Rules Triggered&POSTFPSMSG=No Rules Triggered"
            },
            {
               "@attribute-id": "scPersonAccountID",
               "#text": "00001615"
            }
         ]
      }
   }]
}