{
	"product-lineitems": {
		"product-lineitem": [{
		   "net-price": "75.00",
		   "tax": "4.50",
		   "gross-price": "79.50",
		   "base-price": "75.00",
		   "lineitem-text": "UPROOT",
		   "tax-basis": "75.00",
		   "position": "1",
		   "product-id": "633641996151",
		   "product-name": "UPROOT",
		   "quantity": {
			  "@unit": "",
			  "#text": "1.0"
		   },
		   "tax-rate": "0.06",
		   "shipment-id": "00061633",
		   "gift": "false",
		   "SC_Order_ID":"8011F000001jOBQQA2",
		   "PricebookEntryId": "01u1F00000MU4qFQAT"
		}]
	}
}