{
	"shipments": {
		"shipment": [{
		   "@shipment-id": "00061633",
		   "status": {
			  "shipping-status": "NOT_SHIPPED"
		   },
		   "shipping-method": "UPS",
		   "shipping-address": {
			  "first-name": "Vineeta",
			  "last-name": "Srivastava",
			  "address1": "2393 Marquis Ct",
              "address2": "ABCD",
			  "city": "Ann Arbor",
			  "postal-code": "48103",
			  "state-code": "MI",
			  "country-code": "US",
			  "phone": "7342770290"
		   },
         "gift": "false",
		   "SC_Order_ID":"8011F000001jOBQQA2"
		}]
	}
}